Actual Salary,Predicted Salary,Error
104470,99971.54,4498.460000000006
84465,80038.97,4426.029999999999
56793,59599.6,-2806.5999999999985
87146,89318.43,-2172.429999999993
111024,115475.02,-4451.020000000004
126514,128912.87,-2398.8699999999953
112340,116620.4,-4280.399999999994
101846,105378.15,-3532.149999999994
73847,75876.96,-2029.9600000000064
107834,105772.78,2061.220000000001
119808,120707.55,-899.5500000000029
142350,139671.69,2678.3099999999977
48614,48901.48,-287.4800000000032
155846,155827.49,18.510000000009313
139522,140170.7,-648.7000000000116
68091,65849.31,2241.6900000000023
51529,48960.51,2568.489999999998
112886,110808.26,2077.7400000000052
105104,105411.22,-307.22000000000116
118570,114698.38,3871.6199999999953
86754,84126.06,2627.9400000000023
79054,75728.14,3325.8600000000006
97452,101276.04,-3824.0399999999936
129709,125314.11,4394.889999999999
121981,126228.19,-4247.190000000002
98761,100553.31,-1792.3099999999977
76743,75035.4,1707.6000000000058
165680,164046.42,1633.5799999999872
86748,85563.32,1184.679999999993
105918,108500.94,-2582.9400000000023
161919,161421.83,497.1700000000128
87764,85720.98,2043.020000000004
145486,145971.99,-485.9899999999907
72287,74757.49,-2470.4900000000052
93678,90355.5,3322.5
90443,90026.6,416.3999999999942
158529,156930.69,1598.3099999999977
97024,100855.43,-3831.429999999993
88190,90262.98,-2072.979999999996
127570,130214.22,-2644.220000000001
77914,75482.12,2431.8800000000047
61972,59547.42,2424.5800000000017
171273,173993.06,-2720.0599999999977
165321,165169.69,151.30999999999767
100513,104553.5,-4040.5
65626,64097.4,1528.5999999999985
123433,119963.63,3469.3699999999953
152587,148917.25,3669.75
66468,63857.24,2610.760000000002
166814,164939.78,1874.2200000000012
134639,131513.44,3125.5599999999977
109941,104095.56,5845.440000000002
99614,94379.52,5234.479999999996
87415,89394.55,-1979.550000000003
64804,66075.13,-1271.1300000000047
126971,130964.6,-3993.600000000006
144548,138551.75,5996.25
134190,129602.93,4587.070000000007
121255,125378.91,-4123.9100000000035
166069,166520.48,-451.4800000000105
70837,76007.91,-5170.9100000000035
112345,110905.85,1439.1499999999942
177421,173888.42,3532.579999999987
129681,123248.86,6432.139999999999
120786,120755.34,30.660000000003492
94149,94773.78,-624.7799999999988
127164,129834.15,-2670.149999999994
128935,128988.82,-53.820000000006985
158316,159207.34,-891.3399999999965
63263,59590.5,3672.5
127525,131208.11,-3683.109999999986
129565,129298.32,266.679999999993
155031,154609.72,421.27999999999884
145614,144284.79,1329.2099999999919
91436,91076.23,359.7700000000041
174415,170564.62,3850.3800000000047
119087,114750.1,4336.899999999994
120805,122236.06,-1431.0599999999977
143012,140271.5,2740.5
93643,89435.91,4207.0899999999965
115617,120714.18,-5097.179999999993
126893,121167.1,5725.899999999994
130164,130712.45,-548.4499999999971
116948,119420.91,-2472.9100000000035
86438,87868.36,-1430.3600000000006
112080,114661.23,-2581.229999999996
80104,83757.41,-3653.4100000000035
132465,128997.37,3467.6300000000047
151732,148863.94,2868.0599999999977
99338,100283.44,-945.4400000000023
128093,123914.58,4178.419999999998
125302,127232.47,-1930.4700000000012
91090,91921.11,-831.1100000000006
81484,84459.46,-2975.4600000000064
54909,51450.31,3458.6900000000023
164412,160676.86,3735.140000000014
72118,74989.45,-2871.449999999997
111961,114594.42,-2633.4199999999983
110615,115870.8,-5255.800000000003
149584,144300.43,5283.570000000007
46252,48975.21,-2723.209999999999
144521,139745.08,4775.920000000013
109983,112102.36,-2119.3600000000006
114351,115388.2,-1037.199999999997
79446,77171.86,2274.1399999999994
70512,75652.42,-5140.419999999998
121427,124849.62,-3422.6199999999953
110457,113678.08,-3221.0800000000017
133566,129797.97,3768.029999999999
62101,64520.91,-2419.9100000000035
100065,105210.53,-5145.529999999999
81993,86264.58,-4271.580000000002
66285,64772.0,1513.0
95247,95511.57,-264.570000000007
122732,125294.5,-2562.5
81335,85193.69,-3858.6900000000023
132834,137688.85,-4854.850000000006
167811,166481.96,1329.0400000000081
119417,115742.17,3674.8300000000017
92564,90708.08,1855.9199999999983
87229,82728.77,4500.229999999996
91862,91252.81,609.1900000000023
102612,100887.41,1724.5899999999965
103274,106423.46,-3149.4600000000064
176482,173594.64,2887.359999999986
121878,125969.69,-4091.6900000000023
119904,114562.64,5341.360000000001
86598,91583.61,-4985.610000000001
78456,75023.02,3432.979999999996
102183,99767.51,2415.4900000000052
66983,63438.82,3544.1800000000003
84319,79033.25,5285.75
154726,156940.52,-2214.5199999999895
106932,104481.53,2450.470000000001
99208,101649.75,-2441.75
152431,155478.81,-3047.8099999999977
101429,100483.95,945.0500000000029
86060,88762.57,-2702.570000000007
61976,64626.71,-2650.709999999999
101150,99051.8,2098.199999999997
135968,140899.99,-4931.989999999991
117073,115720.96,1352.0399999999936
66223,69102.05,-2879.050000000003
100681,100720.54,-39.5399999999936
66667,65946.79,720.2100000000064
109436,109822.67,-386.66999999999825
128745,128968.81,-223.80999999999767
90421,95559.56,-5138.559999999998
106189,111562.43,-5373.429999999993
112828,116374.89,-3546.8899999999994
134521,133373.17,1147.8299999999872
118847,115231.03,3615.970000000001
112544,114726.96,-2182.9600000000064
164069,163950.82,118.17999999999302
139314,139759.37,-445.36999999999534
96960,94263.84,2696.1600000000035
87258,84636.09,2621.9100000000035
188639,186055.61,2583.390000000014
95721,99920.0,-4199.0
80095,78691.61,1403.3899999999994
128721,129942.42,-1221.4199999999983
146410,150711.07,-4301.070000000007
118091,116355.54,1735.4600000000064
76834,75592.56,1241.4400000000023
73105,71046.08,2058.9199999999983
165312,166266.69,-954.6900000000023
78863,80247.32,-1384.320000000007
175010,178668.78,-3658.779999999999
175186,178543.81,-3357.8099999999977
75609,76214.18,-605.179999999993
86297,86784.36,-487.3600000000006
61732,66399.07,-4667.070000000007
103258,108933.37,-5675.369999999995
77045,79420.07,-2375.070000000007
102547,104580.32,-2033.320000000007
99678,101454.74,-1776.7400000000052
118926,114233.89,4692.110000000001
154516,150661.19,3854.8099999999977
89918,90728.51,-810.5099999999948
122268,123228.64,-960.6399999999994
84738,85887.99,-1149.9900000000052
124039,118393.38,5645.619999999995
98672,98501.73,170.27000000000407
143084,144859.8,-1775.7999999999884
140877,140256.54,620.4599999999919
146138,144076.06,2061.9400000000023
110394,115487.18,-5093.179999999993
102332,100078.72,2253.279999999999
58964,59820.36,-856.3600000000006
134740,130853.42,3886.5800000000017
92425,90378.36,2046.6399999999994
160311,160302.72,8.279999999998836
75336,75914.39,-578.3899999999994
75613,74827.39,785.6100000000006
160494,165149.39,-4655.390000000014
103095,101126.12,1968.8800000000047
99077,100025.73,-948.7299999999959
158076,159958.25,-1882.25
113298,108496.83,4801.169999999998
108301,112469.42,-4168.419999999998
98261,99880.34,-1619.3399999999965
97293,101259.16,-3966.1600000000035
117701,114004.5,3696.5
84734,80312.98,4421.020000000004
146834,144298.19,2535.8099999999977
109853,110204.22,-351.22000000000116
86742,83964.6,2777.399999999994
87565,91435.1,-3870.100000000006
131399,132747.14,-1348.140000000014
148410,150757.9,-2347.899999999994
111942,109997.41,1944.5899999999965
83297,81904.83,1392.1699999999983
104635,100335.55,4299.449999999997
126413,126387.91,25.089999999996508
77351,80437.86,-3086.8600000000006
109072,105202.45,3869.550000000003
88027,88040.36,-13.360000000000582
128455,125267.28,3187.720000000001
172816,167687.84,5128.1600000000035
160709,157367.47,3341.529999999999
116146,121634.76,-5488.759999999995
111312,115730.0,-4418.0
128625,130911.49,-2286.4900000000052
84298,80152.23,4145.770000000004
104457,104954.42,-497.41999999999825
113926,109056.78,4869.220000000001
145311,145006.67,304.3299999999872
118633,115746.46,2886.5399999999936
76574,78966.63,-2392.6300000000047
144618,141733.34,2884.6600000000035
108245,104900.1,3344.899999999994
130547,127387.74,3159.2599999999948
134716,130504.95,4211.050000000003
104419,101667.03,2751.970000000001
154685,151757.25,2927.75
122588,125188.41,-2600.4100000000035
127879,129180.41,-1301.4100000000035
130370,129162.01,1207.9900000000052
151032,153348.66,-2316.6600000000035
132386,132721.43,-335.429999999993
121737,125703.9,-3966.899999999994
80467,80417.91,49.08999999999651
174574,173623.0,951.0
88476,86767.69,1708.3099999999977
152558,140708.11,11849.890000000014
162028,159547.14,2480.859999999986
132113,129786.2,2326.800000000003
105725,104801.23,923.7700000000041
70173,75931.33,-5758.330000000002
137120,141611.24,-4491.239999999991
138484,140742.51,-2258.5100000000093
142500,141050.59,1449.4100000000035
75360,75564.85,-204.85000000000582
118243,115729.09,2513.9100000000035
88949,85592.29,3356.7100000000064
167910,170707.01,-2797.0100000000093
82962,79314.17,3647.8300000000017
57139,58039.68,-900.6800000000003
119793,114641.81,5151.190000000002
146990,150908.94,-3918.9400000000023
88978,89361.06,-383.0599999999977
75035,78790.08,-3755.0800000000017
177683,175359.03,2323.970000000001
145065,146332.05,-1267.0499999999884
88718,85848.52,2869.479999999996
141040,138535.39,2504.609999999986
62351,61313.27,1037.7300000000032
93683,89994.15,3688.850000000006
174695,169300.75,5394.25
64202,64677.65,-475.65000000000146
123962,120948.18,3013.820000000007
131116,134730.48,-3614.4800000000105
153922,156005.45,-2083.4500000000116
169201,169365.63,-164.63000000000466
155407,155597.6,-190.60000000000582
93147,90837.47,2309.529999999999
193842,188799.39,5042.609999999986
69858,64980.41,4877.5899999999965
83387,80568.27,2818.729999999996
73964,74907.51,-943.5099999999948
133442,134370.08,-928.0799999999872
128666,130372.43,-1706.429999999993
83670,80463.66,3206.3399999999965
85359,90380.97,-5021.970000000001
122839,121330.03,1508.9700000000012
127141,131688.29,-4547.290000000008
117644,113919.75,3724.25
152515,156742.63,-4227.630000000005
118675,116927.52,1747.479999999996
103932,105413.27,-1481.270000000004
110479,115112.26,-4633.259999999995
146761,151226.8,-4465.799999999988
65508,65250.58,257.41999999999825
116868,120167.57,-3299.570000000007
65985,64289.65,1695.3499999999985
103412,101040.52,2371.479999999996
147605,151005.41,-3400.4100000000035
80949,84815.97,-3866.970000000001
115352,113908.58,1443.4199999999983
115587,117460.9,-1873.8999999999942
100318,99435.19,882.8099999999977
96453,102044.08,-5591.080000000002
104306,106892.88,-2586.8800000000047
172808,175044.46,-2236.459999999992
86543,83359.08,3183.9199999999983
114363,115343.78,-980.7799999999988
122243,121805.33,437.66999999999825
110604,115307.59,-4703.5899999999965
121962,118306.15,3655.850000000006
89535,85630.32,3904.679999999993
149682,149732.29,-50.29000000000815
167556,167896.6,-340.6000000000058
113888,108846.75,5041.25
87732,91185.69,-3453.6900000000023
91795,89481.48,2313.520000000004
92993,88558.09,4434.9100000000035
126495,125593.4,901.6000000000058
116936,113742.49,3193.5099999999948
177300,179297.93,-1997.929999999993
104550,106945.42,-2395.4199999999983
113279,115991.42,-2712.4199999999983
111992,115202.92,-3210.9199999999983
53766,51568.53,2197.470000000001
157926,156153.33,1772.6700000000128
126412,130442.7,-4030.699999999997
144140,142092.82,2047.179999999993
84590,79480.1,5109.899999999994
101979,98465.83,3513.1699999999983
105126,104856.05,269.9499999999971
125355,126505.58,-1150.5800000000017
61753,65321.49,-3568.489999999998
118705,115946.46,2758.5399999999936
74567,73680.05,886.9499999999971
91765,90484.96,1280.0399999999936
100940,99916.73,1023.2700000000041
101214,98643.34,2570.6600000000035
152920,149317.48,3602.5199999999895
103558,98617.02,4940.979999999996
150652,155756.85,-5104.850000000006
63298,59390.08,3907.9199999999983
121266,120209.4,1056.6000000000058
113464,111136.21,2327.7899999999936
85605,91373.76,-5768.759999999995
132419,135597.09,-3178.0899999999965
143385,140826.87,2558.1300000000047
93705,90661.51,3043.4900000000052
119773,121089.18,-1316.179999999993
172667,164731.66,7935.3399999999965
94210,93936.51,273.49000000000524
70512,75842.06,-5330.059999999998
140071,149075.44,-9004.440000000002
144544,141328.27,3215.7300000000105
114520,115265.89,-745.8899999999994
82316,84466.25,-2150.25
71951,74869.84,-2918.8399999999965
106761,109411.01,-2650.0099999999948
46232,48984.26,-2752.260000000002
86338,90539.56,-4201.559999999998
137688,138877.15,-1189.1499999999942
137135,140224.74,-3089.7399999999907
71921,70073.78,1847.2200000000012
111067,113914.3,-2847.300000000003
127062,131585.2,-4523.200000000012
104886,104680.85,205.14999999999418
100509,100645.33,-136.33000000000175
179541,174776.77,4764.2300000000105
164688,164128.53,559.4700000000012
61979,65732.84,-3753.8399999999965
68700,70942.46,-2242.4600000000064
69136,65462.68,3673.3199999999997
81967,80905.03,1061.9700000000012
116671,113684.28,2986.720000000001
171397,165137.12,6259.880000000005
81682,85754.19,-4072.1900000000023
140124,139577.52,546.4800000000105
139403,133996.96,5406.040000000008
97866,99170.14,-1304.1399999999994
62769,63853.97,-1084.9700000000012
139779,135034.41,4744.5899999999965
49089,49663.31,-574.3099999999977
92020,90184.61,1835.3899999999994
137197,140250.67,-3053.670000000013
117323,114468.62,2854.3800000000047
154396,155558.33,-1162.3299999999872
128608,124567.33,4040.6699999999983
147503,150126.15,-2623.149999999994
89347,89808.08,-461.08000000000175
95889,97665.01,-1776.0099999999948
93129,91032.14,2096.8600000000006
187023,187837.39,-814.390000000014
151142,149506.49,1635.5100000000093
94514,90957.54,3556.4600000000064
62668,62361.01,306.98999999999796
98069,101927.49,-3858.4900000000052
172928,170356.68,2571.320000000007
130053,129903.96,149.0399999999936
148453,144095.35,4357.649999999994
152899,151779.32,1119.679999999993
83355,79288.06,4066.9400000000023
91298,89018.43,2279.570000000007
102390,100192.4,2197.600000000006
119672,115630.75,4041.25
123796,120174.6,3621.399999999994
100402,101914.95,-1512.949999999997
77925,75833.15,2091.850000000006
115399,113166.2,2232.800000000003
130113,129283.55,829.4499999999971
139778,135713.31,4064.6900000000023
108403,109441.59,-1038.5899999999965
124059,124678.74,-619.7400000000052
165662,167414.49,-1752.4899999999907
70448,75609.92,-5161.919999999998
71736,73995.12,-2259.1199999999953
90056,96413.85,-6357.850000000006
80807,86857.9,-6050.899999999994
105066,110504.07,-5438.070000000007
74380,77286.99,-2906.9900000000052
131138,135357.21,-4219.209999999992
162692,159001.47,3690.529999999999
119041,119437.54,-396.5399999999936
162334,169137.25,-6803.25
89696,89709.5,-13.5
93281,89120.19,4160.809999999998
93462,88892.04,4569.960000000006
151143,155990.65,-4847.649999999994
148235,150896.5,-2661.5
181645,178475.49,3169.5100000000093
79427,76428.36,2998.6399999999994
114003,113543.71,459.2899999999936
66341,71938.59,-5597.5899999999965
113100,109369.59,3730.4100000000035
140073,141292.37,-1219.3699999999953
134213,135374.22,-1161.2200000000012
133906,134498.69,-592.6900000000023
53651,51175.7,2475.300000000003
124507,125016.97,-509.97000000000116
117160,115108.45,2051.550000000003
128665,126019.65,2645.350000000006
112670,108547.38,4122.619999999995
72769,75716.96,-2947.9600000000064
64438,64835.81,-397.8099999999977
87180,90167.86,-2987.8600000000006
108669,108619.37,49.63000000000466
161478,160687.04,790.9599999999919
117915,115349.74,2565.2599999999948
113030,113740.52,-710.5200000000041
79523,74990.29,4532.710000000006
79454,78630.85,823.1499999999942
147026,143454.97,3571.029999999999
95734,94614.16,1119.8399999999965
168452,166615.67,1836.3299999999872
136918,138131.95,-1213.9500000000116
164252,166546.19,-2294.1900000000023
179101,174269.84,4831.1600000000035
129093,121752.51,7340.490000000005
102243,107140.3,-4897.300000000003
79491,77024.4,2466.600000000006
92513,89258.3,3254.699999999997
167225,167163.3,61.70000000001164
131241,133069.37,-1828.3699999999953
133519,131180.86,2338.140000000014
130539,135703.93,-5164.929999999993
82039,86117.7,-4078.699999999997
106661,110574.27,-3913.270000000004
94879,91106.31,3772.6900000000023
83457,86681.64,-3224.6399999999994
113664,115689.24,-2025.2400000000052
185649,185935.13,-286.13000000000466
133177,130125.91,3051.0899999999965
113399,116008.54,-2609.5399999999936
73841,75761.63,-1920.6300000000047
98640,100312.82,-1672.820000000007
114427,116704.16,-2277.1600000000035
135815,141975.98,-6160.9800000000105
154411,148730.05,5680.950000000012
148260,143558.23,4701.7699999999895
116858,116986.36,-128.36000000000058
61995,63933.71,-1938.7099999999991
67916,63664.21,4251.790000000001
130556,132521.65,-1965.6499999999942
89106,90717.82,-1611.820000000007
111280,117076.61,-5796.610000000001
118489,121267.63,-2778.6300000000047
61527,64671.43,-3144.4300000000003
159987,159110.24,876.7600000000093
100017,104409.49,-4392.490000000005
115355,114783.31,571.6900000000023
64817,59866.41,4950.5899999999965
84231,83494.39,736.6100000000006
171332,169855.17,1476.8299999999872
163970,166734.49,-2764.4899999999907
92118,96468.99,-4350.990000000005
163249,164279.53,-1030.5299999999988
53159,50823.77,2335.230000000003
144951,148678.6,-3727.600000000006
147981,145365.21,2615.790000000008
105546,109524.76,-3978.7599999999948
177859,173339.73,4519.2699999999895
138478,141307.64,-2829.640000000014
108098,108716.1,-618.1000000000058
100721,101699.77,-978.7700000000041
114956,115106.39,-150.38999999999942
142653,144389.6,-1736.6000000000058
102889,98634.22,4254.779999999999
57176,60268.24,-3092.239999999998
120034,124361.7,-4327.699999999997
106522,110297.15,-3775.149999999994
134156,137019.64,-2863.640000000014
129785,130565.06,-780.0599999999977
92665,92947.38,-282.38000000000466
112251,115818.86,-3567.8600000000006
146185,143991.09,2193.9100000000035
137552,135328.15,2223.850000000006
80646,86348.05,-5702.050000000003
118130,114210.91,3919.0899999999965
173283,171495.87,1787.1300000000047
118723,116134.61,2588.3899999999994
118831,115152.48,3678.520000000004
108380,105545.3,2834.699999999997
68983,65997.93,2985.070000000007
155227,156953.64,-1726.640000000014
91005,93231.1,-2226.100000000006
117666,115278.66,2387.3399999999965
129289,133637.43,-4348.429999999993
48000,50763.35,-2763.3499999999985
78915,74910.17,4004.8300000000017
120381,122777.29,-2396.2899999999936
111554,114807.08,-3253.0800000000017
108943,104709.02,4233.979999999996
102652,105736.69,-3084.6900000000023
61370,65778.6,-4408.600000000006
94623,95320.21,-697.2100000000064
155405,158670.88,-3265.8800000000047
89190,90120.87,-930.8699999999953
158749,154818.22,3930.779999999999
60787,60817.51,-30.510000000002037
116859,114398.56,2460.4400000000023
125950,125639.59,310.4100000000035
94174,92386.12,1787.8800000000047
123803,125488.72,-1685.7200000000012
128902,126882.67,2019.3300000000017
61469,65452.01,-3983.010000000002
124076,122196.39,1879.6100000000006
148152,150706.62,-2554.6199999999953
57027,58815.02,-1788.0199999999968
101943,104274.62,-2331.6199999999953
89916,85707.97,4208.029999999999
146541,144509.71,2031.2900000000081
77692,80157.3,-2465.300000000003
102036,105426.48,-3390.479999999996
137629,137341.53,287.47000000000116
107015,106473.81,541.1900000000023
122405,125547.99,-3142.9900000000052
75990,75815.27,174.72999999999593
117226,115960.3,1265.699999999997
78948,75318.73,3629.270000000004
76492,80048.16,-3556.1600000000035
95041,95952.43,-911.429999999993
85226,84988.25,237.75
62909,58750.54,4158.459999999999
154860,155722.92,-862.9200000000128
63356,66655.78,-3299.779999999999
100757,101048.53,-291.52999999999884
112289,109995.08,2293.9199999999983
61026,60162.71,863.2900000000009
127854,133275.07,-5421.070000000007
111931,115778.77,-3847.770000000004
141747,140172.03,1574.9700000000012
77299,79858.76,-2559.7599999999948
103466,105494.48,-2028.479999999996
84239,85717.21,-1478.2100000000064
118183,114407.38,3775.6199999999953
125572,129860.02,-4288.020000000004
82979,80050.21,2928.7899999999936
120299,124315.14,-4016.1399999999994
168873,164834.64,4038.359999999986
93655,88554.44,5100.559999999998
83194,78689.4,4504.600000000006
93627,88534.01,5092.990000000005
72766,76113.39,-3347.3899999999994
139695,138896.3,798.7000000000116
79187,75078.51,4108.490000000005
65325,64856.98,468.0199999999968
108632,105029.81,3602.1900000000023
119387,114157.59,5229.4100000000035
77075,80078.32,-3003.320000000007
70623,74304.57,-3681.570000000007
72039,76993.58,-4954.580000000002
54085,48307.5,5777.5
159584,160347.17,-763.1700000000128
115587,116391.21,-804.2100000000064
60828,65779.32,-4951.320000000007
89305,84732.72,4572.279999999999
100703,100350.54,352.4600000000064
105025,111666.89,-6641.889999999999
154806,156822.96,-2016.9599999999919
129863,131143.75,-1280.75
66430,64232.28,2197.720000000001
140904,139723.69,1180.3099999999977
64320,65059.88,-739.8799999999974
109956,109855.37,100.63000000000466
91166,89321.4,1844.6000000000058
128145,124669.26,3475.7400000000052
188389,191857.14,-3468.140000000014
82522,87666.82,-5144.820000000007
71397,70198.89,1198.1100000000006
100518,99106.81,1411.1900000000023
104741,98781.23,5959.770000000004
93280,91004.61,2275.3899999999994
193596,189058.15,4537.850000000006
114644,116448.09,-1804.0899999999965
67938,63256.92,4681.080000000002
80327,79475.25,851.75
88362,84153.41,4208.5899999999965
75835,73978.28,1856.7200000000012
164758,159029.17,5728.829999999987
102026,106539.7,-4513.699999999997
113138,115581.28,-2443.279999999999
105554,111054.44,-5500.440000000002
129195,129713.85,-518.8500000000058
135535,133982.75,1552.25
150771,141844.96,8926.040000000008
115782,113625.25,2156.75
141787,139732.66,2054.3399999999965
94055,95235.4,-1180.3999999999942
97817,99829.53,-2012.5299999999988
85653,83266.73,2386.270000000004
112384,111916.06,467.9400000000023
153573,150471.49,3101.5100000000093
71233,76499.42,-5266.419999999998
67138,64651.96,2486.040000000001
99313,100777.65,-1464.6499999999942
98108,99960.89,-1852.8899999999994
143892,144638.01,-746.0100000000093
98723,100738.92,-2015.9199999999983
83646,79869.26,3776.7400000000052
106569,110770.63,-4201.630000000005
74960,74705.55,254.4499999999971
68310,66085.17,2224.8300000000017
92659,95349.27,-2690.270000000004
93343,95301.98,-1958.979999999996
127086,126070.07,1015.929999999993
131022,129649.15,1372.8500000000058
101160,101464.55,-304.5500000000029
106747,106433.06,313.9400000000023
67198,65056.95,2141.050000000003
76148,74503.76,1644.2400000000052
62092,65041.54,-2949.540000000001
121268,126311.36,-5043.360000000001
167888,148811.56,19076.440000000002
95433,95417.73,15.270000000004075
158107,161533.63,-3426.6300000000047
131632,135474.07,-3842.070000000007
119923,116346.41,3576.5899999999965
101133,101933.11,-800.1100000000006
110958,115967.15,-5009.149999999994
137377,140135.28,-2758.279999999999
65921,66321.64,-400.6399999999994
99950,102083.25,-2133.25
141747,145279.23,-3532.2300000000105
115794,119403.85,-3609.850000000006
176234,180769.2,-4535.200000000012
56615,60600.79,-3985.790000000001
147466,148753.23,-1287.2300000000105
78831,80845.08,-2014.0800000000017
78023,74080.9,3942.100000000006
126469,127542.06,-1073.0599999999977
90896,89029.81,1866.1900000000023
165708,162803.57,2904.429999999993
104957,105056.59,-99.58999999999651
169983,166564.8,3418.2000000000116
148640,143932.46,4707.540000000008
62345,59710.44,2634.5599999999977
140929,141602.2,-673.2000000000116
193199,186586.85,6612.149999999994
69310,69813.71,-503.7100000000064
65740,65570.24,169.75999999999476
70733,74900.96,-4167.960000000006
128996,125993.86,3002.1399999999994
109954,104473.35,5480.649999999994
117810,116042.85,1767.1499999999942
95525,95768.76,-243.75999999999476
135804,139776.87,-3972.8699999999953
70452,75186.44,-4734.440000000002
87326,90659.84,-3333.8399999999965
106703,111211.38,-4508.380000000005
131563,130277.37,1285.6300000000047
156236,153164.63,3071.3699999999953
157952,161684.0,-3732.0
72053,69445.32,2607.679999999993
106085,109998.88,-3913.8800000000047
92655,88210.42,4444.580000000002
94767,91250.56,3516.4400000000023
129030,124854.27,4175.729999999996
99327,101824.81,-2497.8099999999977
104130,100965.86,3164.1399999999994
94377,89753.53,4623.470000000001
117425,116315.67,1109.3300000000017
169257,166443.24,2813.7600000000093
130945,136398.13,-5453.130000000005
121601,122059.1,-458.1000000000058
76569,74643.89,1925.1100000000006
160588,165595.27,-5007.2699999999895
132339,136148.9,-3809.899999999994
136672,133908.77,2763.2300000000105
85698,84066.59,1631.4100000000035
164677,164897.45,-220.45000000001164
145779,150052.02,-4273.0199999999895
111963,114072.51,-2109.5099999999948
138171,134887.2,3283.7999999999884
90714,89597.52,1116.479999999996
163209,166925.29,-3716.290000000008
158487,159889.03,-1402.0299999999988
114800,116830.14,-2030.1399999999994
197982,197784.07,197.92999999999302
143114,143899.55,-785.5499999999884
124058,123126.28,931.7200000000012
82584,83806.17,-1222.1699999999983
134918,130593.91,4324.0899999999965
102311,100685.76,1625.2400000000052
118155,114016.87,4138.130000000005
79803,75473.53,4329.470000000001
102137,97677.99,4459.009999999995
123840,126660.87,-2820.8699999999953
51998,49711.19,2286.8099999999977
93580,89499.09,4080.9100000000035
95633,99914.39,-4281.389999999999
138896,140729.65,-1833.6499999999942
131755,130661.58,1093.4199999999983
143420,138023.33,5396.670000000013
171518,169215.63,2302.3699999999953
177275,181837.72,-4562.720000000001
118653,114064.83,4588.169999999998
105786,110510.03,-4724.029999999999
136492,142523.1,-6031.100000000006
101524,98737.16,2786.8399999999965
90935,96697.53,-5762.529999999999
84606,85174.3,-568.3000000000029
92726,91251.66,1474.3399999999965
78910,76994.71,1915.2899999999936
98894,97379.6,1514.3999999999942
140919,138741.64,2177.359999999986
101197,100130.48,1066.520000000004
111158,115684.17,-4526.169999999998
88401,89199.4,-798.3999999999942
132931,133352.03,-421.02999999999884
99647,98280.62,1366.3800000000047
166789,164559.19,2229.8099999999977
141618,139302.87,2315.1300000000047
83823,80521.13,3301.8699999999953
73429,74359.53,-930.5299999999988
96460,102141.44,-5681.440000000002
170658,170256.89,401.10999999998603
138302,136857.95,1444.0499999999884
67091,66154.17,936.8300000000017
148531,143079.61,5451.390000000014
96096,98550.31,-2454.3099999999977
180717,181107.32,-390.320000000007
55685,60735.59,-5050.5899999999965
130112,134338.68,-4226.679999999993
100000,98815.5,1184.5
90468,89353.71,1114.2899999999936
96674,100069.16,-3395.1600000000035
101514,105704.41,-4190.4100000000035
164721,160709.23,4011.7699999999895
45268,48437.74,-3169.739999999998
193368,187479.92,5888.079999999987
59776,59740.92,35.080000000001746
72242,73836.78,-1594.7799999999988
94890,88653.82,6236.179999999993
70994,73720.2,-2726.199999999997
88142,86033.35,2108.649999999994
141361,139840.63,1520.3699999999953
140859,139484.21,1374.7900000000081
125179,132601.58,-7422.579999999987
75819,75763.57,55.429999999993015
115204,115994.02,-790.0200000000041
187503,178238.92,9264.079999999987
127564,126442.94,1121.0599999999977
90338,87896.91,2441.0899999999965
114486,115609.21,-1123.2100000000064
90388,90471.95,-83.94999999999709
78533,74333.34,4199.6600000000035
107129,107559.02,-430.0200000000041
102661,99943.23,2717.770000000004
111759,115056.68,-3297.679999999993
99478,100284.46,-806.4600000000064
162430,159608.49,2821.5100000000093
151550,150246.67,1303.3299999999872
104835,101468.94,3366.0599999999977
53984,52287.91,1696.0899999999965
110876,115619.03,-4743.029999999999
49893,49593.52,299.4800000000032
86564,84789.58,1774.4199999999983
141604,138608.85,2995.149999999994
90803,97118.52,-6315.520000000004
48162,51204.19,-3042.1900000000023
71078,74136.36,-3058.3600000000006
175064,173264.51,1799.4899999999907
88937,90190.9,-1253.8999999999942
91816,92230.36,-414.3600000000006
129717,125429.17,4287.830000000002
130720,128861.3,1858.699999999997
115107,114660.14,446.8600000000006
62860,61452.66,1407.3399999999965
82624,81215.75,1408.25
100508,106485.58,-5977.580000000002
76565,74506.02,2058.979999999996
128733,123214.05,5518.949999999997
107068,109152.97,-2084.970000000001
134891,130151.99,4739.009999999995
154994,155364.88,-370.88000000000466
136159,137975.36,-1816.359999999986
114934,109546.4,5387.600000000006
130213,131937.03,-1724.0299999999988
73226,74732.98,-1506.979999999996
46819,50395.94,-3576.9400000000023
147290,146425.83,864.1700000000128
90412,90254.18,157.82000000000698
128370,124667.41,3702.5899999999965
111210,108018.6,3191.399999999994
102007,100669.33,1337.6699999999983
89552,90601.9,-1049.8999999999942
78708,80921.37,-2213.3699999999953
117240,120519.94,-3279.9400000000023
102019,100768.42,1250.5800000000017
156513,154960.62,1552.3800000000047
97956,103426.34,-5470.3399999999965
156371,157779.82,-1408.820000000007
123744,126370.91,-2626.9100000000035
121844,126389.05,-4545.050000000003
102566,101436.87,1129.1300000000047
98595,100988.86,-2393.8600000000006
114521,114178.72,342.27999999999884
132662,133877.02,-1215.0199999999895
106944,110057.02,-3113.020000000004
122607,124320.1,-1713.1000000000058
90506,89741.82,764.179999999993
77487,80716.47,-3229.470000000001
129803,125895.14,3907.8600000000006
63773,60899.97,2873.029999999999
65873,64116.12,1756.8799999999974
62736,65436.29,-2700.290000000001
80343,86116.58,-5773.580000000002
89191,91602.84,-2411.8399999999965
89760,87942.69,1817.3099999999977
52440,51422.38,1017.6200000000026
76566,74865.09,1700.9100000000035
76546,81301.32,-4755.320000000007
116990,114356.76,2633.2400000000052
109141,108606.53,534.4700000000012
90225,88648.84,1576.1600000000035
99892,100551.1,-659.1000000000058
108119,110518.91,-2399.9100000000035
89685,85552.53,4132.470000000001
99058,94854.18,4203.820000000007
61757,64250.52,-2493.519999999997
102533,107803.68,-5270.679999999993
100293,100937.48,-644.4799999999959
86026,90252.42,-4226.419999999998
183783,186237.29,-2454.290000000008
115148,119979.5,-4831.5
70215,75310.34,-5095.3399999999965
143119,140432.29,2686.709999999992
123916,120448.72,3467.279999999999
180984,180727.6,256.3999999999942
102512,103655.39,-1143.3899999999994
103382,100095.09,3286.9100000000035
133880,130209.75,3670.25
63742,64219.09,-477.0899999999965
60096,66215.78,-6119.779999999999
175342,179149.25,-3807.25
55596,60960.06,-5364.059999999998
131219,128230.88,2988.1199999999953
114295,114238.58,56.419999999998254
66615,65828.39,786.6100000000006
112753,114724.54,-1971.5399999999936
154152,154532.88,-380.88000000000466
50273,50854.75,-581.75
133116,130504.87,2611.1300000000047
143259,146826.13,-3567.1300000000047
123062,123862.25,-800.25
110272,109888.67,383.33000000000175
99584,101775.93,-2191.929999999993
138088,138858.46,-770.4599999999919
89233,87681.04,1551.9600000000064
95775,101691.39,-5916.389999999999
71382,70787.92,594.0800000000017
116912,111916.23,4995.770000000004
106049,103354.55,2694.449999999997
61023,64801.72,-3778.720000000001
179016,179603.38,-587.3800000000047
128093,131250.87,-3157.8699999999953
118411,120934.56,-2523.5599999999977
140156,140711.22,-555.2200000000012
89351,89784.31,-433.3099999999977
115817,113701.86,2115.1399999999994
100587,99156.62,1430.3800000000047
61622,65135.09,-3513.0899999999965
87535,91138.61,-3603.6100000000006
80096,82005.06,-1909.0599999999977
67799,64242.34,3556.6600000000035
111363,112061.48,-698.4799999999959
107608,104143.45,3464.550000000003
130921,135201.54,-4280.540000000008
107690,110272.11,-2582.1100000000006
76337,74845.88,1491.1199999999953
149472,147920.42,1551.5799999999872
110872,116114.52,-5242.520000000004
145204,149726.49,-4522.489999999991
66550,65022.74,1527.260000000002
118587,115829.75,2757.25
82702,85060.81,-2358.8099999999977
72011,69916.16,2094.8399999999965
91077,90047.62,1029.3800000000047
77343,75047.92,2295.0800000000017
127634,132442.73,-4808.7300000000105
128887,130714.75,-1827.75
47987,51974.39,-3987.3899999999994
69711,65259.73,4451.269999999997
67802,64487.6,3314.4000000000015
111531,114903.15,-3372.149999999994
122481,120428.44,2052.5599999999977
51865,52788.54,-923.5400000000009
133161,134865.59,-1704.5899999999965
134835,136054.75,-1219.75
66742,65417.33,1324.6699999999983
137669,139118.76,-1449.7600000000093
86530,91565.75,-5035.75
149879,149000.81,878.1900000000023
125165,130814.53,-5649.529999999999
64822,59979.76,4842.239999999998
85182,89877.16,-4695.1600000000035
199954,196902.49,3051.5100000000093
87562,90846.08,-3284.0800000000017
93612,88241.54,5370.460000000006
104039,100488.82,3550.179999999993
92063,93639.53,-1576.5299999999988
153147,157436.97,-4289.970000000001
98973,98810.28,162.72000000000116
123639,119477.05,4161.949999999997
119169,113060.5,6108.5
142851,139166.5,3684.5
145631,147750.41,-2119.4100000000035
48686,52384.95,-3698.949999999997
84216,87321.88,-3105.8800000000047
68983,66016.89,2966.1100000000006
152609,155010.01,-2401.0100000000093
120362,124585.55,-4223.550000000003
113516,110723.62,2792.3800000000047
118233,120774.67,-2541.6699999999983
116417,115639.7,777.3000000000029
48717,47894.89,822.1100000000006
93630,88688.77,4941.229999999996
102181,99706.34,2474.6600000000035
79863,76814.7,3048.300000000003
120167,120321.05,-154.0500000000029
162292,159442.41,2849.5899999999965
127416,131530.55,-4114.549999999988
92482,89858.7,2623.300000000003
138734,140705.72,-1971.7200000000012
125999,125835.26,163.74000000000524
63300,64571.04,-1271.0400000000009
110695,109170.47,1524.5299999999988
121273,124399.16,-3126.1600000000035
126375,126433.49,-58.49000000000524
133369,128760.57,4608.429999999993
171906,166562.87,5343.130000000005
129825,126334.68,3490.320000000007
79865,75284.66,4580.3399999999965
129413,126504.97,2908.029999999999
148788,139872.89,8915.109999999986
175143,172719.31,2423.6900000000023
170230,174959.55,-4729.549999999988
187537,186371.98,1165.0199999999895
138415,139597.74,-1182.7399999999907
163667,166943.45,-3276.4500000000116
70497,70364.39,132.61000000000058
101501,105381.94,-3880.9400000000023
154884,141930.04,12953.959999999992
143457,139557.32,3899.679999999993
102905,106233.8,-3328.800000000003
102014,101032.49,981.5099999999948
100472,98394.1,2077.899999999994
152894,155071.0,-2177.0
137042,136509.88,532.1199999999953
141925,146794.19,-4869.190000000002
130819,134689.95,-3870.9500000000116
79789,73888.42,5900.580000000002
107599,103729.97,3869.029999999999
113376,109908.99,3467.0099999999948
119254,116260.75,2993.25
50745,51189.78,-444.77999999999884
182171,178383.35,3787.649999999994
138359,140315.35,-1956.3500000000058
77859,74191.65,3667.350000000006
116122,113713.12,2408.8800000000047
148492,151013.21,-2521.209999999992
66342,63911.64,2430.3600000000006
153052,149609.89,3442.109999999986
127875,129420.28,-1545.2799999999988
83543,83905.87,-362.86999999999534
111544,114228.48,-2684.479999999996
105129,109512.1,-4383.100000000006
168293,166355.92,1937.0799999999872
126247,131504.9,-5257.899999999994
93608,95304.79,-1696.7899999999936
137697,138138.6,-441.6000000000058
177608,181490.42,-3882.420000000013
99717,98745.51,971.4900000000052
113253,110053.07,3199.929999999993
160731,168240.8,-7509.799999999988
134681,128703.98,5977.020000000004
93062,90711.46,2350.5399999999936
134041,129455.1,4585.899999999994
67021,65984.61,1036.3899999999994
191711,187402.59,4308.4100000000035
120652,121208.3,-556.3000000000029
110971,109507.56,1463.4400000000023
104200,105529.47,-1329.4700000000012
90138,88442.99,1695.0099999999948
89037,89852.79,-815.7899999999936
114730,111012.63,3717.3699999999953
79968,76242.06,3725.9400000000023
101567,107518.43,-5951.429999999993
131466,130118.89,1347.1100000000006
139432,133948.36,5483.640000000014
163420,163439.4,-19.39999999999418
86280,90430.99,-4150.990000000005
77218,75788.42,1429.5800000000017
99491,96289.93,3201.070000000007
149760,150738.39,-978.390000000014
155906,157203.67,-1297.6700000000128
158322,156188.99,2133.0100000000093
119403,121368.95,-1965.949999999997
149820,149524.23,295.7699999999895
112043,109701.02,2341.979999999996
98606,98146.09,459.9100000000035
70565,71017.73,-452.7299999999959
77735,80969.02,-3234.020000000004
84452,79338.72,5113.279999999999
157557,154489.68,3067.320000000007
112970,110169.36,2800.6399999999994
50146,50812.61,-666.6100000000006
137063,140216.43,-3153.429999999993
100802,103837.9,-3035.899999999994
70310,71061.09,-751.0899999999965
119063,114961.08,4101.919999999998
104810,104970.5,-160.5
128065,118257.64,9807.36
94231,93587.69,643.3099999999977
102318,107290.09,-4972.0899999999965
111598,115356.17,-3758.1699999999983
130182,130075.72,106.27999999999884
79735,77944.94,1790.0599999999977
101564,99204.19,2359.8099999999977
84399,85319.2,-920.1999999999971
132824,135966.77,-3142.7699999999895
83061,80232.29,2828.7100000000064
167380,167274.72,105.27999999999884
63667,64879.54,-1212.5400000000009
103041,100761.53,2279.470000000001
97074,100633.65,-3559.649999999994
160387,164656.06,-4269.059999999998
123719,121600.41,2118.5899999999965
197865,196761.84,1103.1600000000035
155142,156591.15,-1449.1499999999942
85209,84774.5,434.5
98893,99873.94,-980.9400000000023
122125,123247.08,-1122.0800000000017
122422,125008.4,-2586.399999999994
101937,97577.77,4359.229999999996
180263,177932.53,2330.470000000001
92585,95246.81,-2661.8099999999977
86673,88983.0,-2310.0
110629,116168.64,-5539.639999999999
88289,89925.81,-1636.8099999999977
126519,126456.67,62.330000000001746
129016,131232.16,-2216.1600000000035
61801,61422.54,378.4599999999991
95522,99131.27,-3609.270000000004
59953,59266.14,686.8600000000006
132292,133945.19,-1653.1900000000023
166512,166859.78,-347.77999999999884
96771,100725.27,-3954.270000000004
54159,48231.17,5927.830000000002
135664,135251.15,412.8500000000058
92297,88205.03,4091.970000000001
158408,157591.72,816.2799999999988
160767,159920.27,846.7300000000105
94089,89963.51,4125.490000000005
96245,100143.81,-3898.8099999999977
110064,114137.46,-4073.4600000000064
101311,100182.5,1128.5
126076,124564.28,1511.7200000000012
182650,180188.72,2461.279999999999
131127,129583.03,1543.9700000000012
130020,130917.38,-897.3800000000047
71757,74191.04,-2434.0399999999936
165400,169571.95,-4171.950000000012
128472,129902.08,-1430.0800000000017
113527,115509.56,-1982.5599999999977
100138,101771.55,-1633.550000000003
110202,114048.76,-3846.7599999999948
109002,108673.32,328.679999999993
150984,144311.32,6672.679999999993
71268,75514.38,-4246.380000000005
115964,115632.84,331.1600000000035
79897,75843.75,4053.25
126210,122914.89,3295.1100000000006
101098,100907.72,190.27999999999884
92311,89805.46,2505.5399999999936
100095,103993.48,-3898.479999999996
140274,139416.88,857.1199999999953
73280,70654.87,2625.1300000000047
77521,75964.83,1556.1699999999983
94504,95293.38,-789.3800000000047
122788,126120.73,-3332.729999999996
125879,128844.73,-2965.729999999996
61813,64729.76,-2916.760000000002
165937,167884.12,-1947.1199999999953
122670,124707.59,-2037.5899999999965
89950,84324.85,5625.149999999994
145728,150953.57,-5225.570000000007
140894,144935.11,-4041.109999999986
75819,75748.31,70.69000000000233
123038,122729.27,308.7299999999959
113999,115645.89,-1646.8899999999994
78051,75598.04,2452.9600000000064
71723,76544.46,-4821.460000000006
92732,90780.65,1951.3500000000058
65174,65048.41,125.58999999999651
107056,110206.01,-3150.0099999999948
91324,91539.26,-215.25999999999476
86702,84518.24,2183.7599999999948
110621,115228.63,-4607.630000000005
61509,65778.6,-4269.600000000006
62541,61056.8,1484.199999999997
136869,134056.76,2812.2399999999907
201230,197517.92,3712.079999999987
93575,90989.59,2585.4100000000035
109780,109683.26,96.74000000000524
160451,147549.39,12901.609999999986
100747,99714.24,1032.7599999999948
149756,147365.77,2390.2300000000105
114601,109893.28,4707.720000000001
104895,100507.66,4387.3399999999965
87934,90079.45,-2145.449999999997
96865,100576.55,-3711.550000000003
97708,98607.48,-899.4799999999959
120626,124953.27,-4327.270000000004
166953,168965.5,-2012.5
78475,74801.64,3673.3600000000006
131561,132648.34,-1087.3399999999965
116890,119860.01,-2970.0099999999948
102052,100344.64,1707.3600000000006
145818,145236.49,581.5100000000093
126358,129335.8,-2977.800000000003
156961,154165.39,2795.609999999986
141012,144316.75,-3304.75
85979,85688.49,290.50999999999476
98674,100348.36,-1674.3600000000006
141173,143454.67,-2281.670000000013
111987,108589.07,3397.929999999993
170153,169369.6,783.3999999999942
96517,96042.5,474.5
112498,116531.75,-4033.75
129244,123931.35,5312.649999999994
139074,138557.7,516.2999999999884
118708,113128.38,5579.619999999995
117572,116925.16,646.8399999999965
113611,113774.61,-163.61000000000058
175397,175998.71,-601.7099999999919
164666,158786.04,5879.959999999992
136196,139789.32,-3593.320000000007
88228,90204.02,-1976.020000000004
95751,100209.75,-4458.75
87511,89085.39,-1574.3899999999994
141970,139135.92,2834.079999999987
73614,75109.52,-1495.520000000004
113718,115862.34,-2144.3399999999965
50563,49446.56,1116.4400000000023
77407,79284.81,-1877.8099999999977
122260,123929.0,-1669.0
114115,115960.9,-1845.8999999999942
119537,113405.5,6131.5
115410,122305.84,-6895.8399999999965
88769,89750.15,-981.1499999999942
85093,89388.38,-4295.380000000005
118025,115693.4,2331.600000000006
112271,116124.36,-3853.3600000000006
143810,138600.95,5209.049999999988
65808,64937.98,870.0199999999968
62850,63409.61,-559.6100000000006
97333,99583.94,-2250.9400000000023
72116,76705.06,-4589.059999999998
142834,139683.08,3150.920000000013
148757,150240.88,-1483.8800000000047
103523,99350.44,4172.559999999998
128926,131106.52,-2180.5199999999895
64190,64249.27,-59.2699999999968
63319,60775.75,2543.25
185057,186934.28,-1877.2799999999988
148867,144937.13,3929.8699999999953
112862,108410.9,4451.100000000006
48289,47522.43,766.5699999999997
102796,105406.21,-2610.2100000000064
97795,98581.4,-786.3999999999942
139098,141769.72,-2671.720000000001
64839,63798.15,1040.8499999999985
131100,132618.74,-1518.7399999999907
135226,141777.18,-6551.179999999993
70782,73338.98,-2556.979999999996
116433,115180.7,1252.300000000003
49807,48757.54,1049.4599999999991
113058,108513.9,4544.100000000006
148406,144506.82,3899.179999999993
75748,80460.0,-4712.0
61763,59462.67,2300.3300000000017
119623,116989.33,2633.6699999999983
168756,163939.84,4816.1600000000035
114848,114395.56,452.4400000000023
95424,99836.37,-4412.369999999995
145089,151507.89,-6418.890000000014
116636,114309.56,2326.4400000000023
99995,100477.42,-482.41999999999825
170829,169544.18,1284.820000000007
122680,127055.9,-4375.899999999994
170020,167862.29,2157.709999999992
163684,164059.97,-375.97000000000116
131061,135954.42,-4893.420000000013
150179,147328.81,2850.1900000000023
102278,100844.38,1433.6199999999953
137510,139937.93,-2427.929999999993
156851,155675.33,1175.6700000000128
129618,130874.27,-1256.270000000004
98900,100337.13,-1437.1300000000047
94269,89207.28,5061.720000000001
130230,134382.72,-4152.720000000001
85376,84098.44,1277.5599999999977
73550,75931.92,-2381.9199999999983
124774,123256.6,1517.3999999999942
123215,125592.17,-2377.1699999999983
136208,140145.45,-3937.4500000000116
81113,84957.63,-3844.6300000000047
124620,120105.17,4514.830000000002
62887,63353.65,-466.65000000000146
144505,146320.88,-1815.8800000000047
99120,100654.91,-1534.9100000000035
112989,115787.13,-2798.1300000000047
90685,89692.49,992.5099999999948
146499,140001.19,6497.809999999998
72250,75315.26,-3065.2599999999948
116403,119842.0,-3439.0
145752,149833.68,-4081.679999999993
126449,125273.03,1175.9700000000012
97878,100200.52,-2322.520000000004
126092,123237.77,2854.229999999996
132189,131103.64,1085.359999999986
98167,99275.52,-1108.520000000004
66352,63759.56,2592.4400000000023
86723,83488.35,3234.649999999994
71633,74850.21,-3217.2100000000064
124214,120298.24,3915.7599999999948
83576,78306.75,5269.25
81115,86071.6,-4956.600000000006
121049,124604.34,-3555.3399999999965
77709,80023.72,-2314.720000000001
101801,105391.61,-3590.6100000000006
114317,116206.28,-1889.2799999999988
127229,125038.96,2190.0399999999936
156336,153582.32,2753.679999999993
87087,89624.86,-2537.8600000000006
121021,122236.58,-1215.5800000000017
132555,135613.16,-3058.1600000000035
154757,149217.28,5539.720000000001
94152,90245.57,3906.429999999993
142942,145637.49,-2695.4899999999907
116515,114877.19,1637.8099999999977
103752,104754.59,-1002.5899999999965
86661,85835.26,825.7400000000052
66174,65397.38,776.6200000000026
112537,114062.89,-1525.8899999999994
119064,114453.64,4610.360000000001
82925,80444.14,2480.8600000000006
176770,179501.74,-2731.7399999999907
110106,116141.31,-6035.309999999998
135340,142754.52,-7414.5199999999895
79023,80010.35,-987.3500000000058
64499,61012.47,3486.529999999999
98174,99856.04,-1682.0399999999936
111498,109719.72,1778.2799999999988
121069,127553.47,-6484.470000000001
97097,99974.18,-2877.179999999993
94616,95891.64,-1275.6399999999994
157038,157555.24,-517.2399999999907
169814,165542.21,4271.790000000008
96908,102885.65,-5977.649999999994
93199,96506.65,-3307.649999999994
77409,76004.39,1404.6100000000006
102466,100037.17,2428.8300000000017
101627,106156.77,-4529.770000000004
79355,74661.54,4693.460000000006
117494,114611.43,2882.570000000007
81447,85241.03,-3794.029999999999
121773,124828.75,-3055.75
195572,198448.75,-2876.75
128501,134729.05,-6228.049999999988
139075,139834.72,-759.7200000000012
140823,143280.47,-2457.470000000001
101909,100804.43,1104.570000000007
154803,150249.6,4553.399999999994
65236,63229.51,2006.489999999998
83709,79831.22,3877.779999999999
79524,75400.72,4123.279999999999
110680,111024.23,-344.2299999999959
86694,88539.33,-1845.3300000000017
88824,91484.25,-2660.25
158537,160732.02,-2195.0199999999895
115632,122376.67,-6744.669999999998
74270,68933.45,5336.550000000003
155503,158488.05,-2985.0499999999884
57292,59462.84,-2170.8399999999965
125537,125107.6,429.3999999999942
104653,104701.93,-48.929999999993015
159045,155591.59,3453.4100000000035
125033,129248.18,-4215.179999999993
113866,116045.48,-2179.479999999996
112195,115618.46,-3423.4600000000064
71876,75017.39,-3141.3899999999994
133081,128455.3,4625.699999999997
122663,123054.24,-391.24000000000524
169236,168823.51,412.4899999999907
50724,50562.46,161.54000000000087
114836,114401.4,434.6000000000058
105031,105046.72,-15.720000000001164
114339,113293.74,1045.2599999999948
129174,124825.08,4348.919999999998
99411,100755.83,-1344.8300000000017
173206,169495.18,3710.820000000007
128384,119787.77,8596.229999999996
153060,155651.55,-2591.5499999999884
163871,160159.78,3711.220000000001
139020,139548.32,-528.320000000007
151524,148949.15,2574.850000000006
137666,133493.12,4172.880000000005
113629,115835.75,-2206.75
87708,89148.12,-1440.1199999999953
61841,65379.86,-3538.8600000000006
128354,125131.77,3222.229999999996
135492,133906.1,1585.8999999999942
90759,90851.87,-92.86999999999534
129307,130649.8,-1342.800000000003
113495,110690.37,2804.6300000000047
67676,64078.07,3597.9300000000003
118661,119896.75,-1235.75
86408,89681.18,-3273.179999999993
95590,100351.33,-4761.330000000002
93312,89033.96,4278.039999999994
103222,106036.63,-2814.6300000000047
136534,139884.61,-3350.609999999986
124510,120601.79,3908.2100000000064
66790,63754.65,3035.3499999999985
56284,60881.89,-4597.889999999999
145259,146573.08,-1314.0799999999872
95093,99465.19,-4372.190000000002
120517,121358.86,-841.8600000000006
137122,133570.48,3551.5199999999895
101630,98776.11,2853.8899999999994
120115,120665.77,-550.7700000000041
88227,89031.09,-804.0899999999965
125894,128956.45,-3062.449999999997
164502,160595.13,3906.8699999999953
147664,144460.35,3203.649999999994
90185,93538.23,-3353.229999999996
79553,74696.6,4856.399999999994
85269,86325.24,-1056.2400000000052
114287,114939.83,-652.8300000000017
150647,150370.22,276.77999999999884
77273,76450.65,822.3500000000058
52082,47733.41,4348.5899999999965
133190,130887.35,2302.649999999994
159944,160672.2,-728.2000000000116
91996,94736.71,-2740.7100000000064
114638,115032.63,-394.63000000000466
127108,132718.5,-5610.5
143606,138417.92,5188.079999999987
126219,129948.06,-3729.0599999999977
95500,95183.82,316.179999999993
106201,108931.23,-2730.229999999996
116577,114572.1,2004.8999999999942
180705,176679.65,4025.350000000006
81840,80268.12,1571.8800000000047
105995,108530.66,-2535.6600000000035
125746,131034.78,-5288.779999999999
119680,119284.48,395.5200000000041
148450,151352.52,-2902.5199999999895
89102,88617.76,484.24000000000524
168966,171567.89,-2601.890000000014
93250,89816.34,3433.6600000000035
149466,148915.41,550.5899999999965
114800,115055.41,-255.4100000000035
55066,60162.85,-5096.8499999999985
144458,140169.53,4288.470000000001
107695,109052.81,-1357.8099999999977
62199,66962.73,-4763.729999999996
75178,80900.98,-5722.979999999996
95031,100498.98,-5467.979999999996
103157,108366.1,-5209.100000000006
109957,111008.64,-1051.6399999999994
91607,94235.34,-2628.3399999999965
70436,74946.09,-4510.0899999999965
120339,123976.7,-3637.699999999997
75490,75403.34,86.66000000000349
118748,113120.08,5627.919999999998
126875,129994.25,-3119.25
135011,140209.99,-5198.989999999991
168223,155509.78,12713.220000000001
125933,129201.64,-3268.6399999999994
142360,142007.78,352.22000000000116
96472,100468.43,-3996.429999999993
98104,99688.02,-1584.020000000004
114675,113140.1,1534.8999999999942
100929,105713.19,-4784.190000000002
111921,110550.12,1370.8800000000047
98557,96952.06,1604.9400000000023
124504,125567.77,-1063.770000000004
139817,138097.16,1719.8399999999965
123777,122979.71,797.2899999999936
125213,125418.99,-205.99000000000524
130355,129185.84,1169.1600000000035
101532,104954.27,-3422.270000000004
75149,80373.43,-5224.429999999993
76301,76139.39,161.61000000000058
99923,99652.79,270.2100000000064
98889,100383.87,-1494.8699999999953
50613,51188.53,-575.5299999999988
140253,143723.23,-3470.2300000000105
100894,99159.47,1734.5299999999988
188428,183903.13,4524.869999999995
111374,117195.65,-5821.649999999994
139044,139818.11,-774.109999999986
147573,144862.19,2710.8099999999977
131938,128496.98,3441.020000000004
89439,91148.33,-1709.3300000000017
88079,85296.93,2782.070000000007
89619,87299.81,2319.1900000000023
127911,131487.04,-3576.040000000008
98639,99064.69,-425.6900000000023
141075,146947.3,-5872.299999999988
142262,137953.58,4308.420000000013
90741,89718.95,1022.0500000000029
89541,91064.09,-1523.0899999999965
168769,166090.15,2678.850000000006
80077,80756.05,-679.0500000000029
144714,145528.75,-814.75
108006,105906.88,2099.1199999999953
93526,89288.7,4237.300000000003
115604,115935.74,-331.74000000000524
119564,114479.6,5084.399999999994
137510,141447.76,-3937.7600000000093
114101,115416.8,-1315.800000000003
118586,115053.0,3533.0
78071,75589.07,2481.929999999993
91454,94306.56,-2852.5599999999977
182692,178780.93,3911.070000000007
124143,126017.31,-1874.3099999999977
161935,166482.96,-4547.959999999992
142456,144418.24,-1962.2399999999907
136892,138037.95,-1145.9500000000116
60825,59720.83,1104.1699999999983
116756,116814.82,-58.820000000006985
153374,155734.53,-2360.529999999999
157774,155766.91,2007.0899999999965
73698,69193.17,4504.830000000002
69137,69078.48,58.520000000004075
117064,113580.9,3483.100000000006
66255,65171.9,1083.0999999999985
86105,90036.75,-3931.75
94856,91247.93,3608.070000000007
137985,138052.77,-67.76999999998952
90956,89331.45,1624.550000000003
83676,83403.89,272.1100000000006
98717,102524.17,-3807.1699999999983
112781,115268.34,-2487.3399999999965
136722,136857.26,-135.2600000000093
77039,80141.87,-3102.8699999999953
152567,155939.5,-3372.5
112635,115262.85,-2627.850000000006
164544,158861.62,5682.380000000005
136510,134722.0,1788.0
119742,118339.73,1402.270000000004
117873,119692.09,-1819.0899999999965
61657,64769.22,-3112.220000000001
99257,96162.15,3094.850000000006
118033,121094.7,-3061.699999999997
103868,99809.94,4058.0599999999977
139987,143155.79,-3168.790000000008
95685,95784.61,-99.61000000000058
119995,115514.02,4480.979999999996
71427,76219.2,-4792.199999999997
119947,120922.9,-975.8999999999942
100537,98800.43,1736.570000000007
87614,85088.19,2525.8099999999977
93146,90888.2,2257.800000000003
71327,76303.74,-4976.740000000005
106596,106136.67,459.33000000000175
160704,166196.7,-5492.700000000012
161534,161054.75,479.25
142366,139491.46,2874.540000000008
130121,133296.74,-3175.7399999999907
101195,98256.63,2938.3699999999953
128711,124623.37,4087.6300000000047
135917,135841.57,75.42999999999302
98297,95607.67,2689.3300000000017
103747,104322.04,-575.0399999999936
64589,61101.03,3487.970000000001
123308,120824.04,2483.9600000000064
67184,64834.27,2349.730000000003
132486,129665.98,2820.020000000004
103670,105892.15,-2222.149999999994
105153,110526.66,-5373.6600000000035
118813,115511.22,3301.779999999999
124347,124051.75,295.25
92802,91627.55,1174.449999999997
145562,149032.58,-3470.579999999987
125793,122392.81,3400.1900000000023
59789,61802.27,-2013.2699999999968
77079,78928.63,-1849.6300000000047
137360,141359.86,-3999.859999999986
138079,138577.53,-498.52999999999884
118246,115552.38,2693.6199999999953
128133,125841.65,2291.350000000006
124494,118867.53,5626.470000000001
129778,131588.65,-1810.6499999999942
86883,85064.08,1818.9199999999983
117442,120737.21,-3295.2100000000064
93590,90889.44,2700.5599999999977
142051,145306.53,-3255.529999999999
52224,49427.62,2796.3799999999974
150236,157096.69,-6860.690000000002
159437,155971.82,3465.179999999993
116589,114745.05,1843.949999999997
148015,144250.68,3764.320000000007
161665,167927.16,-6262.1600000000035
56688,60573.65,-3885.6500000000015
84334,86514.53,-2180.529999999999
155819,157466.12,-1647.1199999999953
113307,116329.59,-3022.5899999999965
112895,110273.99,2621.0099999999948
141497,145016.78,-3519.779999999999
49672,50996.68,-1324.6800000000003
96630,100862.44,-4232.440000000002
133226,130504.0,2722.0
169786,150696.56,19089.440000000002
111273,109413.41,1859.5899999999965
75982,75474.7,507.3000000000029
122869,125287.77,-2418.770000000004
117599,117267.11,331.8899999999994
140435,147190.46,-6755.459999999992
63122,65300.82,-2178.8199999999997
135512,136419.03,-907.0299999999988
132030,132516.43,-486.429999999993
112217,117714.46,-5497.460000000006
110388,116010.56,-5622.559999999998
109750,109181.15,568.8500000000058
144478,138769.39,5708.609999999986
101458,99797.83,1660.1699999999983
98016,97151.23,864.7700000000041
65528,65610.47,-82.47000000000116
71251,74865.95,-3614.949999999997
113147,110836.39,2310.6100000000006
90311,90851.23,-540.2299999999959
93461,88344.68,5116.320000000007
86324,90787.25,-4463.25
91914,90684.51,1229.4900000000052
94913,90328.73,4584.270000000004
135179,135479.57,-300.570000000007
124543,120278.26,4264.740000000005
104177,100369.08,3807.9199999999983
105329,110023.59,-4694.5899999999965
149952,151709.34,-1757.3399999999965
115785,115710.73,74.27000000000407
96324,94134.31,2189.6900000000023
144895,139384.52,5510.4800000000105
119488,121183.63,-1695.6300000000047
158520,153443.35,5076.649999999994
115850,115516.4,333.6000000000058
125406,125717.88,-311.88000000000466
119702,115542.51,4159.490000000005
142420,152127.85,-9707.850000000006
128390,129600.6,-1210.6000000000058
113481,113110.42,370.58000000000175
62039,64866.79,-2827.790000000001
143305,139459.02,3845.9800000000105
135335,140269.22,-4934.220000000001
118080,114361.2,3718.800000000003
72644,75299.12,-2655.1199999999953
94170,95858.57,-1688.570000000007
92213,89888.7,2324.300000000003
97198,98552.29,-1354.2899999999936
180079,183462.69,-3383.6900000000023
125683,130691.03,-5008.029999999999
64101,64538.21,-437.2099999999991
146082,144270.64,1811.359999999986
68339,63967.5,4371.5
125645,126710.9,-1065.8999999999942
48212,50743.29,-2531.290000000001
126386,125958.23,427.7700000000041
93928,93577.46,350.5399999999936
104672,100083.79,4588.210000000006
139843,142274.87,-2431.8699999999953
104268,97766.75,6501.25
105808,104519.42,1288.5800000000017
97415,98496.88,-1081.8800000000047
134964,130394.01,4569.990000000005
63710,64266.87,-556.8700000000026
102988,102624.07,363.929999999993
76407,73654.96,2752.0399999999936
77202,76556.04,645.9600000000064
102986,100072.14,2913.8600000000006
103005,104029.02,-1024.020000000004
126406,132096.59,-5690.5899999999965
117226,119569.19,-2343.1900000000023
73795,75084.09,-1289.0899999999965
70368,75157.86,-4789.860000000001
105564,105496.56,67.44000000000233
116168,116025.99,142.00999999999476
146878,149898.7,-3020.7000000000116
132696,136373.3,-3677.2999999999884
92977,89599.08,3377.9199999999983
78042,77026.83,1015.1699999999983
146377,144141.68,2235.320000000007
78291,79221.22,-930.2200000000012
153730,156296.65,-2566.649999999994
92828,88843.55,3984.449999999997
121591,123437.24,-1846.2400000000052
76348,77217.74,-869.7400000000052
98820,100230.85,-1410.8500000000058
156726,152045.57,4680.429999999993
112929,111719.74,1209.2599999999948
122541,122853.36,-312.3600000000006
125593,129883.77,-4290.770000000004
93451,89452.38,3998.6199999999953
125800,128811.85,-3011.850000000006
87760,83989.55,3770.449999999997
116098,116585.25,-487.25
93262,88837.05,4424.949999999997
110500,115901.16,-5401.1600000000035
168116,147706.52,20409.48000000001
126329,129686.75,-3357.75
95202,101551.51,-6349.509999999995
74840,70281.12,4558.880000000005
151181,157158.24,-5977.239999999991
112173,110839.98,1333.020000000004
114386,114239.13,146.86999999999534
165138,154856.88,10281.119999999995
157381,159802.04,-2421.040000000008
127950,126147.65,1802.3500000000058
70678,73802.85,-3124.850000000006
86036,83309.44,2726.5599999999977
135609,140231.6,-4622.600000000006
144936,143000.56,1935.4400000000023
85965,84110.88,1854.1199999999953
63202,65036.24,-1834.239999999998
140292,139905.64,386.35999999998603
136666,139680.26,-3014.2600000000093
75645,74363.19,1281.8099999999977
60024,60034.23,-10.230000000003201
111970,108912.35,3057.649999999994
152571,148725.55,3845.4500000000116
92183,92014.22,168.77999999999884
136806,137246.92,-440.9200000000128
108701,104740.53,3960.470000000001
129445,125433.11,4011.8899999999994
92451,89957.24,2493.7599999999948
165193,169827.19,-4634.190000000002
140758,141425.37,-667.3699999999953
116762,120858.13,-4096.130000000005
153753,156316.43,-2563.429999999993
108407,111769.01,-3362.0099999999948
86287,90489.54,-4202.539999999994
75014,76782.01,-1768.0099999999948
80309,86266.0,-5957.0
172218,173760.66,-1542.6600000000035
118204,113363.55,4840.449999999997
108207,105514.23,2692.770000000004
135009,139301.21,-4292.209999999992
152665,138514.53,14150.470000000001
106050,108317.74,-2267.7400000000052
64974,60586.91,4387.0899999999965
96668,98563.12,-1895.1199999999953
111074,111061.52,12.479999999995925
100543,101551.3,-1008.3000000000029
105697,111715.05,-6018.050000000003
131492,131594.71,-102.70999999999185
105910,107126.88,-1216.8800000000047
162302,166055.33,-3753.329999999987
115372,119081.5,-3709.5
90428,90014.83,413.16999999999825
91949,93888.42,-1939.4199999999983
105529,105104.94,424.0599999999977
163486,148650.94,14835.059999999998
92715,94274.76,-1559.7599999999948
88680,91806.3,-3126.300000000003
163343,158943.16,4399.8399999999965
81934,84606.07,-2672.070000000007
123500,125362.29,-1862.2899999999936
167307,170461.31,-3154.3099999999977
92744,89483.86,3260.1399999999994
64064,65047.39,-983.3899999999994
134957,135619.19,-662.1900000000023
95283,95063.67,219.33000000000175
124265,117434.41,6830.5899999999965
129407,130451.07,-1044.070000000007
121263,119404.47,1858.5299999999988
128546,123478.02,5067.979999999996
135268,136646.79,-1378.7900000000081
145293,147455.58,-2162.579999999987
97082,94802.75,2279.25
123676,126605.24,-2929.2400000000052
154067,157026.32,-2959.320000000007
136785,140593.44,-3808.4400000000023
113421,114387.54,-966.5399999999936
90590,91501.86,-911.8600000000006
86419,90787.18,-4368.179999999993
59182,59020.18,161.8199999999997
154970,154440.73,529.2699999999895
149810,146341.47,3468.529999999999
191681,189353.94,2327.0599999999977
45134,49941.84,-4807.8399999999965
115119,117327.07,-2208.070000000007
96746,100500.68,-3754.679999999993
99208,99734.32,-526.320000000007
156572,154609.42,1962.5799999999872
127146,123831.33,3314.6699999999983
151418,154532.51,-3114.5100000000093
98363,98274.99,88.00999999999476
89907,92990.63,-3083.6300000000047
126330,128619.72,-2289.720000000001
115710,114263.67,1446.3300000000017
122607,124090.91,-1483.9100000000035
126378,122063.22,4314.779999999999
102288,105157.75,-2869.75
94303,88079.22,6223.779999999999
122804,121185.94,1618.0599999999977
60375,62836.9,-2461.9000000000015
116229,114268.64,1960.3600000000006
116925,113800.07,3124.929999999993
112458,108665.95,3792.050000000003
123402,125183.52,-1781.520000000004
53148,49441.79,3706.209999999999
118811,121389.43,-2578.429999999993
141549,138997.7,2551.2999999999884
130867,132903.71,-2036.7099999999919
71815,75399.18,-3584.179999999993
102483,104616.86,-2133.8600000000006
137851,136402.29,1448.7099999999919
187829,183867.21,3961.790000000008
53094,48387.37,4706.629999999997
100717,103320.79,-2603.7899999999936
165835,167262.38,-1427.3800000000047
128754,131356.1,-2602.100000000006
130052,129712.2,339.8000000000029
85949,90048.29,-4099.289999999994
95296,100157.55,-4861.550000000003
118759,116723.72,2035.2799999999988
79228,74215.89,5012.110000000001
99865,100754.12,-889.1199999999953
94427,91280.1,3146.899999999994
69647,63103.65,6543.3499999999985
168707,168707.95,-0.9500000000116415
104850,104981.68,-131.67999999999302
127182,130859.55,-3677.550000000003
119938,114809.52,5128.479999999996
133398,137045.08,-3647.079999999987
72666,73859.25,-1193.25
142949,144369.59,-1420.5899999999965
146203,150737.17,-4534.170000000013
122389,122643.78,-254.77999999999884
110799,110449.92,349.08000000000175
98039,99748.51,-1709.5099999999948
76382,79679.89,-3297.8899999999994
119475,116011.5,3463.5
133428,128256.66,5171.3399999999965
86733,90334.1,-3601.100000000006
86990,84082.36,2907.6399999999994
73694,75645.23,-1951.229999999996
86636,90022.53,-3386.529999999999
70874,68788.88,2085.1199999999953
84365,84286.87,78.13000000000466
130663,128692.82,1970.179999999993
98641,95075.22,3565.779999999999
100290,101800.11,-1510.1100000000006
141063,145070.52,-4007.5199999999895
133356,131562.9,1793.1000000000058
75392,79159.98,-3767.979999999996
118811,115806.8,3004.199999999997
100852,103753.05,-2901.050000000003
173620,176644.82,-3024.820000000007
139280,139910.71,-630.7099999999919
132575,133142.4,-567.3999999999942
83778,85130.11,-1352.1100000000006
87779,90327.25,-2548.25
104700,103816.77,883.2299999999959
60941,64945.14,-4004.1399999999994
149048,146377.84,2670.1600000000035
186982,183698.88,3283.1199999999953
104517,99447.49,5069.509999999995
136236,140240.26,-4004.2600000000093
151184,154828.13,-3644.1300000000047
179151,176895.15,2255.850000000006
65409,65689.67,-280.66999999999825
128464,129826.24,-1362.2400000000052
77991,74509.46,3481.5399999999936
111054,114184.62,-3130.6199999999953
140764,138728.74,2035.2600000000093
112953,115369.41,-2416.4100000000035
136409,141274.76,-4865.760000000009
94993,93566.18,1426.820000000007
101831,104604.31,-2773.3099999999977
107526,104050.31,3475.6900000000023
132460,129337.93,3122.070000000007
116079,114817.28,1261.7200000000012
67137,64654.4,2482.5999999999985
141929,141761.39,167.60999999998603
140921,142700.47,-1779.4700000000012
72094,75970.29,-3876.2899999999936
78709,75179.69,3529.3099999999977
83471,79053.32,4417.679999999993
88954,91477.62,-2523.6199999999953
106772,110220.2,-3448.199999999997
46298,49173.13,-2875.1299999999974
133853,128112.16,5740.8399999999965
148454,148997.07,-543.070000000007
77084,74969.03,2114.970000000001
101761,101124.46,636.5399999999936
88469,85263.95,3205.050000000003
131564,130758.65,805.3500000000058
102100,99636.96,2463.0399999999936
132050,130468.11,1581.8899999999994
118384,119186.77,-802.7700000000041
139956,140887.91,-931.9100000000035
122418,125153.02,-2735.020000000004
102454,101468.14,985.8600000000006
63726,65921.96,-2195.9600000000064
64797,64416.4,380.59999999999854
113637,115347.0,-1710.0
128142,125076.9,3065.100000000006
79284,73823.64,5460.360000000001
124944,124696.19,247.80999999999767
135140,139258.2,-4118.200000000012
70316,73937.67,-3621.6699999999983
163481,151223.25,12257.75
124928,119826.76,5101.240000000005
97228,100101.49,-2873.4900000000052
116848,118291.6,-1443.6000000000058
131786,134569.98,-2783.9800000000105
123690,124078.73,-388.7299999999959
113702,111399.77,2302.229999999996
147675,142777.32,4897.679999999993
120058,123328.28,-3270.279999999999
104494,99291.26,5202.740000000005
103173,100053.5,3119.5
96925,99780.6,-2855.600000000006
123953,124115.28,-162.27999999999884
100669,99647.77,1021.2299999999959
121464,122824.46,-1360.4600000000064
182047,178647.59,3399.4100000000035
127981,125369.39,2611.6100000000006
103508,97817.04,5690.960000000006
92566,90647.3,1918.699999999997
144115,142339.01,1775.9899999999907
59340,59472.18,-132.1800000000003
169490,169100.21,389.79000000000815
90879,90630.95,248.0500000000029
113391,115771.34,-2380.3399999999965
179261,172786.67,6474.329999999987
63865,64041.84,-176.8399999999965
100335,105962.95,-5627.949999999997
67467,65766.29,1700.7100000000064
85383,90478.47,-5095.470000000001
77423,78376.13,-953.1300000000047
112789,113733.05,-944.0500000000029
103469,100622.57,2846.429999999993
145562,143184.3,2377.7000000000116
85585,91932.06,-6347.059999999998
149980,150588.46,-608.4599999999919
156890,156639.74,250.2600000000093
109559,110125.36,-566.3600000000006
104464,108727.82,-4263.820000000007
126158,130269.92,-4111.919999999998
158618,153123.04,5494.959999999992
127115,130684.98,-3569.979999999996
121141,118637.86,2503.1399999999994
105955,105951.02,3.9799999999959255
100465,99686.46,778.5399999999936
113363,115732.55,-2369.550000000003
72022,76091.21,-4069.2100000000064
47971,48057.91,-86.91000000000349
87104,90304.04,-3200.0399999999936
83447,84386.28,-939.2799999999988
70989,75277.85,-4288.850000000006
99595,99270.42,324.58000000000175
157826,158163.19,-337.1900000000023
81847,80559.98,1287.020000000004
129246,128273.9,972.1000000000058
169611,170442.94,-831.9400000000023
141728,140114.15,1613.8500000000058
64701,64500.53,200.47000000000116
132178,133059.98,-881.9800000000105
153136,153031.85,104.14999999999418
107568,103790.67,3777.3300000000017
68249,69740.3,-1491.300000000003
100333,97808.89,2524.1100000000006
126970,124742.43,2227.570000000007
77738,75057.93,2680.070000000007
103922,98642.6,5279.399999999994
77597,74982.74,2614.2599999999948
121411,124247.59,-2836.5899999999965
102287,105496.37,-3209.3699999999953
193979,191144.4,2834.600000000006
93985,90201.31,3783.6900000000023
111314,113750.18,-2436.179999999993
152570,149839.13,2730.8699999999953
121646,123624.84,-1978.8399999999965
105724,110315.71,-4591.710000000006
70567,74725.58,-4158.580000000002
161191,160046.64,1144.359999999986
144839,144249.76,589.2399999999907
95367,98394.12,-3027.1199999999953
84281,79856.63,4424.369999999995
135641,135915.91,-274.9100000000035
100050,108141.31,-8091.309999999998
123179,124413.2,-1234.199999999997
143458,138710.7,4747.299999999988
117710,115855.44,1854.5599999999977
128065,128909.39,-844.3899999999994
123707,121780.84,1926.1600000000035
144814,145949.38,-1135.3800000000047
99237,93750.5,5486.5
146921,150584.5,-3663.5
158173,158323.72,-150.72000000000116
99280,101359.89,-2079.8899999999994
110242,117020.08,-6778.080000000002
83306,84326.16,-1020.1600000000035
130749,134293.85,-3544.850000000006
85450,84706.79,743.2100000000064
113960,115241.61,-1281.6100000000006
50172,49699.44,472.5599999999977
74355,69428.06,4926.940000000002
112567,116512.9,-3945.899999999994
169879,163274.43,6604.570000000007
109271,109785.84,-514.8399999999965
139666,139961.15,-295.1499999999942
114144,113497.99,646.0099999999948
129003,124589.75,4413.25
96273,100298.36,-4025.3600000000006
144983,140158.1,4824.899999999994
97430,94279.52,3150.479999999996
172269,176067.33,-3798.329999999987
107886,108205.21,-319.2100000000064
119168,120225.27,-1057.270000000004
102325,103524.75,-1199.75
95175,100814.41,-5639.4100000000035
179442,173073.92,6368.079999999987
141001,139618.99,1382.0100000000093
137341,140623.29,-3282.290000000008
143195,143582.56,-387.5599999999977
88011,88867.71,-856.7100000000064
113745,115506.9,-1761.8999999999942
149094,149886.74,-792.7399999999907
136715,141266.85,-4551.850000000006
152552,148135.9,4416.100000000006
61161,66115.85,-4954.850000000006
67889,65319.58,2569.4199999999983
60015,59637.21,377.7900000000009
137379,142068.58,-4689.579999999987
65536,68920.0,-3384.0
127579,123414.6,4164.399999999994
75804,80946.03,-5142.029999999999
114823,114407.87,415.13000000000466
148519,148979.02,-460.0199999999895
109735,110104.94,-369.9400000000023
161809,162906.32,-1097.320000000007
93527,96740.47,-3213.470000000001
57573,59704.81,-2131.8099999999977
97587,101581.89,-3994.8899999999994
53942,49243.65,4698.3499999999985
112850,110107.92,2742.0800000000017
94063,91340.54,2722.4600000000064
140029,140088.91,-59.91000000000349
164326,164689.14,-363.14000000001397
105365,105979.95,-614.9499999999971
153506,147733.94,5772.059999999998
131567,131015.93,551.070000000007
116155,116886.73,-731.7299999999959
129661,125175.57,4485.429999999993
104771,99519.53,5251.470000000001
125691,126169.26,-478.25999999999476
49821,50806.4,-985.4000000000015
89989,88376.26,1612.7400000000052
125073,125019.54,53.4600000000064
83056,79315.49,3740.5099999999948
79352,79631.96,-279.9600000000064
61357,63471.91,-2114.9100000000035
114734,109530.95,5203.050000000003
130091,131638.34,-1547.3399999999965
165727,170850.83,-5123.829999999987
151754,148672.96,3081.040000000008
188047,187187.13,859.8699999999953
101665,101175.96,489.0399999999936
71484,75039.36,-3555.3600000000006
129169,126232.67,2936.3300000000017
103217,99960.51,3256.4900000000052
59158,60335.91,-1177.9100000000035
133732,134383.32,-651.320000000007
154945,152319.4,2625.600000000006
85224,91042.12,-5818.119999999995
94434,89439.94,4994.059999999998
112901,116126.36,-3225.3600000000006
119696,115321.12,4374.880000000005
69632,64512.89,5119.110000000001
129505,131047.41,-1542.4100000000035
165588,151805.06,13782.940000000002
202425,196117.55,6307.450000000012
100141,101495.64,-1354.6399999999994
89001,90134.59,-1133.5899999999965
141061,140238.96,822.0400000000081
119299,115791.94,3507.0599999999977
94445,89919.51,4525.490000000005
123155,125721.13,-2566.1300000000047
71429,70554.55,874.4499999999971
127810,128972.27,-1162.270000000004
71177,70776.39,400.6100000000006
80025,79453.08,571.9199999999983
153750,150266.84,3483.1600000000035
57641,59476.12,-1835.1200000000026
108923,109259.91,-336.9100000000035
163571,164060.04,-489.04000000000815
165360,168056.97,-2696.970000000001
96230,101458.21,-5228.210000000006
102173,103567.17,-1394.1699999999983
195602,196749.5,-1147.5
114842,115496.33,-654.3300000000017
85338,91410.74,-6072.740000000005
81797,84822.77,-3025.770000000004
142148,141198.41,949.5899999999965
121388,121155.57,232.42999999999302
88138,86289.79,1848.2100000000064
103098,100910.61,2187.3899999999994
90402,88328.39,2073.6100000000006
113177,111231.18,1945.820000000007
132979,132857.3,121.70000000001164
145199,150585.42,-5386.420000000013
96442,100743.07,-4301.070000000007
96840,100318.77,-3478.770000000004
80571,83891.51,-3320.5099999999948
131805,130260.42,1544.5800000000017
108219,106361.89,1857.1100000000006
128738,123967.64,4770.360000000001
112696,109375.45,3320.550000000003
65090,65332.61,-242.61000000000058
76231,75613.26,617.7400000000052
138474,139013.22,-539.2200000000012
126426,130978.48,-4552.479999999996
104916,100449.81,4466.190000000002
45176,51158.04,-5982.040000000001
172731,165754.91,6976.0899999999965
